Filename,Title,Keywords,Category,Releases
financial_chart_growth.jpg,Global financial performance and investment analytics market forecast trend chart showing growth,"financial, performance, investment, analytics, market, forecast, trend, bull run, growth, business, chart, graph, economy, data, statistics, success, future, strategy, trading, stock, exchange, wealth, profit, increase, progress, analysis, corporate, commerce, money, success, planning, vision, concept, digital, infographic, presentation, banking, capital, fund, revenue, success, upward, positive, indicator, metrics, report, overview, evaluation, commercial, enterprise",3,
test_stock_chart_01.jpg,Abstract digital financial trading charts with green and orange indicators and fluctuating lines on a dark background,"finance, trading, market, stock, chart, graph, data, investment, economy, financial, forex, crypto, cryptocurrency, business, analysis, statistics, trend, exchange, digital, technology, background, abstract, monitoring, metrics, success, wealth, commerce, banking, broker, currency, dollars, growth, profit, loss, shares, index, indicator, analytics, ui, hud, screen, display, monitor, virtual, online, global, network, system, cyber, future",3,
abstract-financial-trading-graph-with-glowing-candlesticks.jpg,Abstract financial trading graph with glowing candlesticks and market data visualization on digital screen,"trading, financial, market, stock, chart, graph, candlestick, investment, finance, data, digital, exchange, crypto, forex, economy, business, analysis, growth, trend, technology, broker, online, currency, shares, success, wealth, profit, commercial, future, network, statistic, banking, asset, strategy, money, concept, background, screen, glow, monitor, bullish, bearish, indicator, performance, trade, risk, investor, value, price, global",3,
offshore-wind-farm-in-the-ocean-with-digital-green-growth.jpg,Offshore wind farm in the ocean with digital green growth chart and financial graph showing renewable energy investment and sustainable power generation success,"wind turbine, offshore, renewable energy, green energy, sustainable energy, wind farm, ocean, sea, growth chart, financial graph, investment, eco friendly, clean energy, power generation, electricity, climate change, global warming, future, technology, ecology, environment, natural resources, alternative energy, business, success, progress, economy, market, statistics, data, analysis, concept, digital, graphic, infographic, trend, increase, profit, commercial, industry, infrastructure, engineering, turbines, water, marine, horizon, sunrise, sunset, mist, fog",10,
futuristic-dashboard-interface-with-glowing-green-and.jpg,Futuristic dashboard interface with glowing green and orange waveform graphs and data visualization metrics,"dashboard, interface, waveform, graph, data, visualization, futuristic, technology, analytics, neon, glow, cyber, digital, screen, monitor, software, application, ui, ux, quantum, fluctuation, metrics, charts, statistics, hud, sci-fi, virtual, system, network, connection, audio, frequency, sound, wave, spectrum, oscillator, signal, generator, programming, coding, developer, engineer, monitoring, control, panel, sliders, bars, progress, status, dark",19,
modern-laboratory-setting-with-scientist-working-at.jpg,Modern laboratory setting with scientist working at microscope and laptop displaying chemical formula and data analysis software,"laboratory, laptop, scientist, science, research, chemistry, microscope, technology, medical, data, analysis, biotechnology, pharmaceutical, experiment, healthcare, chemical, formula, software, computer, screen, display, biologist, working, professionals, lab, development, innovation, digital, equipment, modern, clinical, pharmacy, genetics, biochemistry, scientist working, testing, results, graph, statistics, monitor, healthcare worker, investigation, discovery, medical research, microbiology, pathology, scientist in lab, tech, workplace, study",16,
stock-market-trader-analyzing-financial-charts-on-a-laptop.jpg,Stock market trader analyzing financial charts on a laptop in a modern office environment with professional colleagues in the background,"trading, stock market, financial, laptop, business, analysis, charts, trader, investment, finance, office, data, economy, cryptocurrency, forex, graph, technology, professional, screen, work, success, pen, hand, keyboard, broker, market, digital, statistics, strategy, wealth, monitor, online, commerce, exchange, startup, corporate, futuristic, colleagues, people, teamwork, working, banking, assets, shares, dividends, valuation, profit, risk, management, enterprise",3,
sustainable-agriculture-growth-concept-with-glowing-green.jpg,Sustainable agriculture growth concept with glowing green financial chart and upward arrow over lush farmland fields at sunset,"agriculture, growth, farming, chart, sustainable, business, green, arrow, success, investment, economy, crop, future, field, innovation, technology, farm, financial, nature, landscape, environment, modern, rural, harvest, development, data, food, production, efficiency, profit, digital, ecology, agribusiness, plant, analytics, trend, earth, organic, land, strategy, management, increase, supply, chain, global, scenic, sunset, horizon, aerial, concept",3,
focused-software-developer-programming-on-a-laptop-and.jpg,Focused software developer programming on a laptop and taking notes in a modern office at night,"developer, programming, laptop, coding, office, software, technology, engineer, computer, night, work, programmer, web, developer, writing, notes, pen, paper, business, teamwork, colleagues, startup, workspace, screen, code, development, digital, internet, professionals, modern, concentrated, focused, busy, strategy, planning, design, data, analysis, system, application, hardware, display, keyboard, desk, table, interior, lighting, lamp, window, adult",19,
futuristic-eco-city-skyline-with-sustainable-green.jpg,"Futuristic eco city skyline with sustainable green architecture, rising financial growth charts, and glowing stock market arrows symbolizing economic success, environmental innovation, and urban development","eco city, sustainable architecture, green buildings, financial growth, stock market, growth chart, urban development, business success, economy, investment, futuristic city, smart city, green city, renewable energy, environmental, ecology, nature in city, vertical forest, skyscraper, modern architecture, arrows, chart, graph, analytics, trading, profit, wealth, commerce, market trend, success, progress, innovation, technology, digital, data, future, clean energy, sustainability, biophilic design, landscape, sunset, aerial view, metropolis, commercial, banking, funds, revenue, forecast, statistics, expansion",3,
large-solar-farm-in-the-desert-with-a-rising-green-upward.jpg,Large solar farm in the desert with a rising green upward trend arrow illustrating renewable energy growth and sustainable power investment,"solar farm, renewable energy, green energy, solar power, sustainable energy, growth, trend arrow, upward trend, desert, photovoltaic, clean energy, solar panels, investment, economy, power, future, ecology, environment, business, success, future energy, electricity, nature, climate change, global warming, sustainability, alternative energy, commercial, industry, infrastructure, sun, sunny, landscape, sand, arid, innovation, technology, energy crisis, power plant, solar energy, eco friendly, carbon neutral, net zero, financial growth, market growth, data graph, statistics, progress, concept, aerial view",10,
businessman-touching-and-analyzing-virtual-financial-growth.jpg,Businessman touching and analyzing virtual financial growth chart with stock market data against a city skyline at night,"finance, business, stock market, trading, investment, growth, chart, data, technology, financial, businessman, economy, success, analysis, digital, graph, future, city, night, forex, market, wealth, strategy, progress, profit, trend, commerce, corporate, touch, hologram, virtual, interface, analytics, banking, wealth management, exchange, crypto, currency, statistic, success concept, professional, hand, pointing, interaction, futuristic, ui, neon, skylines, urban, light",3,
aerial-view-of-a-dense-green-forest-bisected-by-a-winding.jpg,"Aerial view of a dense green forest bisected by a winding river with a glowing digital growth chart and upward arrow overlaying the landscape symbolizing environmental sustainability, green economy, and ecological progress.","growth, chart, forest, river, aerial view, green economy, sustainability, environment, ecology, business, success, arrow, progress, nature, eco, pine trees, woods, landscape, futuristic, digital, overlay, infographic, statistics, data, investment, financial, trend, upward, strategy, analytics, green energy, climate change, conservation, biodiversity, top view, drone view, water, trees, canopy, leafy, vibrant, glowing, hologram, technology, innovation, corporate, future, development, natural, earth",5,
business-people-in-a-meeting-reviewing-financial-charts-and.jpg,Business people in a meeting reviewing financial charts and laptop data in a modern office,"business, meeting, office, financial, corporate, teamwork, strategy, presentation, laptop, data, analytics, charts, graphs, analysis, collaboration, professional, colleagues, workers, men, executive, discussion, planning, success, technology, digital, screen, management, finance, report, statistics, working, group, commercial, growth, marketing, enterprise, leadership, partners, investment, commerce, solutions, results, performance, vision, strategy, consulting, startup, innovation, interior, desk",3,
businessman-pointing-at-a-futuristic-glowing-holographic.jpg,"Businessman pointing at a futuristic glowing holographic chart showing business growth, upward trend, and financial success in a modern office at night","business, growth, chart, financial, success, technology, future, hologram, businessman, investment, strategy, data, analytics, corporate, office, night, cityscape, innovation, digital, trend, arrow, upward, statistics, economy, market, profit, management, presentation, leadership, vision, touch, virtual, cyber, hud, ui, interface, businessman hand, suit, professional, modern, finance, commercial, commerce, enterprise, banking, wealth, revenue, performance, expansion, achievement",3,
business-growth-graph-and-financial-chart-analysis-with.jpg,"Business growth graph and financial chart analysis with futuristic city backdrop, management and investment concept","business, growth, financial, chart, graph, success, investment, future, technology, data, analysis, strategy, corporate, digital, hand, touch, progress, increase, arrow, futuristic, management, economy, market, commercial, profit, wealth, banking, finance, trade, stock, exchange, innovation, target, goal, achievement, performance, statistics, metrics, ui, hud, virtual, hologram, city, skyscraper, night, urban, businessman, executive, leadership, vision",3,
complex-financial-trading-graphs-and-data-analytics.jpg,Complex financial trading graphs and data analytics displayed on a computer monitor in a control room,"trading, financial, data, analytics, graphs, charts, monitor, screen, display, finance, market, stock, economy, investment, technology, analysis, statistics, digital, software, interface, business, dashboard, cyber, network, information, system, control, room, server, hardware, electronics, signals, frequencies, waveform, oscilloscope, science, research, processing, computation, monitoring, metrics, performance, growth, trends, forecasting, banking, currency, exchange, wealth, commercial",19,
it-professionals-and-cybersecurity-analysts-working.jpg,IT professionals and cybersecurity analysts working together in a modern tech operations control room monitoring data dashboards and network security on laptops and tablets,"cybersecurity, operations room, control center, analyst, monitoring, data dashboard, technology, IT professional, network security, business, teamwork, office, computer, laptop, tablet, digital, graphs, charts, analytics, big data, software, engineer, developer, tech, security, threat, intelligence, workplace, colleagues, collaboration, communication, corporate, strategy, finance, trading, stock market, innovation, system, network, servers, cloud computing, telecommunication, future, modern, professional, adults, men, women, group, caucasian",19,
modern-laptop-displaying-financial-stock-market-trading.jpg,Modern laptop displaying financial stock market trading charts and candlestick graphs with colorful indicators in a brightly lit office environment,"trading, stock market, financial, chart, laptop, forex, investment, graph, finance, business, crypto, screen, cryptocurrency, data, market, candlestick, economy, online, analysis, exchange, technology, digital, trader, wealth, broker, statistics, trend, success, commerce, profit, future, bank, money, software, computer, monitor, display, strategy, investor, growth, price, risk, commercial, office, workplace, professional, corporate, income, dollar, value",3,
businessman-touching-digital-green-leaf-and-rising-arrow.jpg,Businessman touching digital green leaf and rising arrow growth chart concept on city skyline background,"sustainability, eco friendly, business growth, green energy, environmental, renewable energy, ESG, corporate responsibility, clean technology, green economy, investment, future, innovation, ecology, leaf icon, arrow up, success, development, progress, businessman, corporate, finance, strategy, digital, hologram, touch, interaction, futuristic, city skyline, night, urban, concept, conservation, nature, global warming, carbon neutral, zero emission, clean energy, solar power, wind power, recycling, natural, organic, health, wellbeing, leadership, management, planning, vision, analysis",5,
futuristic-digital-sound-wave-and-audio-equalizer-abstract.jpg,Futuristic digital sound wave and audio equalizer abstract technology background,"sound wave, audio, equalizer, technology, abstract, digital, data, futuristic, waveform, music, science, graph, cyber, monitor, screen, neon, chart, blue, green, frequency, signal, communication, vibration, oscillation, spectrum, dynamics, matrix, network, analysis, pulse, radio, telecommunication, connection, electronic, hardware, software, interface, display, visualization, metrics, statistics, fluctuation, rhythm, beat, acoustic, soundtrack, generation, processing, engineering, system",19,
businessman-touching-a-glowing-green-financial-growth-chart.jpg,"Businessman touching a glowing green financial growth chart and target bullseye with skyscrapers in the background representing business success, investment, and corporate strategy","business, growth, financial, success, chart, target, investment, strategy, corporate, arrow, future, economy, finance, businessman, hand, touch, technology, digital, data, analysis, market, profit, increase, goal, achievement, performance, skyscraper, city, urban, building, architecture, innovation, management, progress, vision, leadership, commerce, trading, wealth, banking, enterprise, commercial, futureproofing, concept, futuristic, hologram, bullseye, upward, trend, resilience",3,
